time,USA,UK,CANADA
2010,870.61196,17.917266,254.748358
2011,823.481728,29.301639,282.241623
2012,918.173751,41.886077,221.952234
2013,1059.653213,46.831004,178.195609
2014,1327.154365,191.779855,192.121475
2015,1267.586561,361.521958,220.781437
2016,1776.101687,589.076256,416.366253